<?xml version="1.0" encoding="UTF-8"?>
<!DOCTYPE mapper PUBLIC "-//mybatis.org//DTD Mapper 3.0//EN" "http://mybatis.org/dtd/mybatis-3-mapper.dtd">
<mapper namespace="com.osc.dao.CmsVideoMapper">

        <!-- 通用查询映射结果 -->
        <resultMap id="BaseResultMap" type="com.osc.entity.CmsVideo">
                    <id column="cv_id" property="cvId"/>
                    <result column="name" property="name"/>
                    <result column="desc" property="desc"/>
                    <result column="url" property="url"/>
                    <result column="audit_state" property="auditState"/>
                    <result column="audit_user_id" property="auditUserId"/>
                    <result column="audit_time" property="auditTime"/>
                    <result column="create_time" property="createTime"/>
                    <result column="update_time" property="updateTime"/>
                    <result column="disabled" property="disabled"/>
                    <result column="create_user_id" property="createUserId"/>
                    <result column="update_user_id" property="updateUserId"/>
        </resultMap>

        <!-- 通用查询结果列 -->
        <sql id="Base_Column_List">
            cv_id, name, desc, url, audit_state, audit_user_id, audit_time, create_time, update_time, disabled, create_user_id, update_user_id
        </sql>

</mapper>